state, district, state_name, party, representative, obama_raw, romney_raw, other_raw, romney_percentage, obama_percentage, romney_percentage, other_percentage
Alabama,5,Alabama,R,Mo Brooks,103599,189865,3806,34.85,63.87,1.28,
Alabama,4,Alabama,R,Robert B. Aderholt,66075,205337,3262,24.06,74.76,1.19,
Alabama,7,Alabama,D,Terri A. Sewell,226262,87234,1489,71.83,27.69,0.47,
Alabama,1,Alabama,R,Bradley Byrne,111756,184703,2315,37.4,61.82,0.77,
Alabama,2,Alabama,R,Martha Roby,105796,182090,2004,36.5,62.81,0.69,
Alabama,6,Alabama,R,Spencer Bachus,78842,232308,3254,25.08,73.89,1.03,
Alabama,3,Alabama,R,Mike Rogers,103366,174388,2576,36.87,62.21,0.92,
Florida,1,Florida,R,Jeff Miller,106814,242972,4096,30.18,68.66,1.16,
Florida,2,Florida,R,Steve Southerland II,158753,178782,3750,46.52,52.38,1.1,
Florida,3,Florida,R,Ted S. Yoho,122596,201246,3800,37.42,61.42,1.16,
Florida,4,Florida,R,Ander Crenshaw,123541,222104,3271,35.41,63.66,0.94,
Florida,11,Florida,R,Richard B. Nugent,143380,209720,3281,40.23,58.85,0.92,
Florida,6,Florida,R,Ron DeSantis,149955,209150,3376,41.37,57.7,0.93,
Florida,5,Florida,D,Corrine Brown,195239,80479,2015,70.3,28.98,0.73,
Florida,7,Florida,R,John L. Mica,158258,170072,3633,47.67,51.23,1.09,
Florida,8,Florida,R,Bill Posey,153138,206074,3839,42.18,56.76,1.06,
Florida,9,Florida,D,Alan Grayson,167728,103356,2343,61.34,37.8,0.86,
Florida,17,Florida,R,Thomas J. Rooney,123735,170479,2726,41.67,57.41,0.92,
Florida,10,Florida,R,Daniel Webster,148802,174969,3004,45.54,53.54,0.92,
Florida,18,Florida,D,Patrick Murphy,163067,177320,2458,47.56,51.72,0.72,
Florida,12,Florida,R,Gus M. Bilirakis,153386,185157,4083,44.77,54.04,1.19,
Florida,15,Florida,R,Dennis A. Ross,139945,161514,3312,45.92,53,1.09,
Florida,14,Florida,D,Kathy Castor,191255,99834,2903,65.05,33.96,0.99,
Florida,26,Florida,D,Joe Garcia,141462,123581,1497,53.07,46.36,0.56,
Florida,13,Florida,,Office of the Thirteenth of Florida,171102,166087,4208,50.12,48.65,1.23,
Florida,16,Florida,R,Vern Buchanan,161079,194525,3191,44.89,54.22,0.89,
Florida,19,Florida,,Office of the Nineteenth of Florida,124431,194511,2082,38.76,60.59,0.65,
Florida,20,Florida,D,Alcee L. Hastings,216627,44529,1085,82.61,16.98,0.41,
Florida,21,Florida,D,Theodore E. Deutch,196224,125820,1797,60.59,38.85,0.55,
Florida,22,Florida,D,Lois Frankel,178114,147205,2270,54.37,44.94,0.69,
Florida,23,Florida,D,Debbie Wasserman Schultz,176662,108880,1703,61.5,37.9,0.59,
Florida,24,Florida,D,Frederica S. Wilson,227956,31762,808,87.5,12.19,0.31,
Florida,25,Florida,R,Mario Diaz-Balart,115335,120154,1176,48.73,50.77,0.5,
Georgia,2,Georgia,D,Sanford D. Bishop Jr.,153998,107242,1598,58.59,40.8,0.61,
Georgia,3,Georgia,R,Lynn A. Westmoreland,97704,195034,3400,32.99,65.86,1.15,
Georgia,4,Georgia,D,Henry C. ?Hank? Johnson Jr.,218500,75950,2484,73.59,25.58,0.84,
Georgia,5,Georgia,D,John Lewis,241215,45886,3255,83.08,15.8,1.12,
Georgia,7,Georgia,R,Rob Woodall,101064,158854,3823,38.32,60.23,1.45,
Georgia,8,Georgia,R,Austin Scott,99676,163908,2378,37.48,61.63,0.89,
Georgia,10,Georgia,R,Paul C. Broun,107040,184162,3652,36.3,62.46,1.24,
Georgia,11,Georgia,R,Phil Gingrey,94450,201016,4816,31.45,66.94,1.6,
Georgia,12,Georgia,D,John Barrow,117084,148686,2510,43.64,55.42,0.94,
Georgia,13,Georgia,D,David Scott,202839,87821,2300,69.24,29.98,0.79,
Georgia,14,Georgia,R,Tom Graves,58906,170364,3432,25.31,73.21,1.47,
Georgia,6,Georgia,R,Tom Price,115014,186806,5272,37.45,60.83,1.72,
Georgia,9,Georgia,R,Doug Collins,54387,207497,3665,20.48,78.14,1.38,
Georgia,1,Georgia,R,Jack Kingston,111950,145462,2739,43.03,55.91,1.05,
Louisiana,3,Louisiana,R,Charles W. Boustany Jr.,107645,220427,5470,32.27,66.09,1.64,
Louisiana,4,Louisiana,R,John Fleming,128584,191268,4220,39.68,59.02,1.3,
Louisiana,5,Louisiana,R,Vance M. McAllister,123856,201247,4377,37.59,61.08,1.33,
Louisiana,1,Louisiana,R,Steve Scalise,91438,232777,7481,27.57,70.18,2.26,
Louisiana,2,Louisiana,D,Cedric L. Richmond,241509,82568,4667,73.46,25.12,1.42,
Louisiana,6,Louisiana,R,Bill Cassidy,116108,223975,6447,33.51,64.63,1.86,
Mississippi,1,Mississippi,R,Alan Nunnelee,118438,197982,3564,37.01,61.87,1.11,
Mississippi,2,Mississippi,D,Bennie G. Thompson,219416,109228,1899,66.38,33.05,0.57,
Mississippi,3,Mississippi,R,Gregg Harper,132968,204182,2998,39.09,60.03,0.88,
Mississippi,4,Mississippi,R,Steven M. Palazzo,92127,199354,3428,31.24,67.6,1.16,
Alaska,(at Large),Alaska,R,Don Young,91696,121234,7666,41.6,55,3.5,
Arkansas,1,Arkansas,R,Eric A. ?Rick? Crawford,92075,154545,6824,36.33,60.98,2.69,
Arkansas,2,Arkansas,R,Tim Griffin,125527,160140,6848,42.91,54.75,2.34,
Arkansas,3,Arkansas,R,Steve Womack,81413,168703,7552,31.6,65.47,2.93,
Arkansas,4,Arkansas,R,Tom Cotton,95394,164356,6091,35.88,61.82,2.29,
Arizona,1,Arizona,D,Ann Kirkpatrick,124550,131115,4391,47.89,50.42,1.69,
Arizona,4,Arizona,R,Paul A. Gosar,80035,173394,4617,31.02,67.19,1.79,
Arizona,6,Arizona,R,David Schweikert,121661,186537,5219,38.82,59.52,1.67,
Arizona,8,Arizona,R,Trent Franks,107335,179555,4236,36.87,61.68,1.46,
Arizona,5,Arizona,R,Matt Salmon,101511,187304,4933,34.56,63.76,1.68,
Arizona,9,Arizona,D,Kyrsten Sinema,135244,123263,6056,51.12,46.59,2.29,
Arizona,7,Arizona,D,Ed Pastor,101028,37353,2526,71.7,26.51,1.79,
Arizona,2,Arizona,D,Ron Barber,144966,149651,5074,48.37,49.94,1.69,
Arizona,3,Arizona,D,Ra?l M. Grijalva,108902,65482,2864,61.44,36.94,1.62,
California,1,California,R,Doug LaMalfa,122379,171902,9647,40.27,56.56,3.17,
California,2,California,D,Jared Huffman,230212,89908,13322,69.04,26.96,4,
California,5,California,D,Mike Thompson,199924,78703,8031,69.74,27.46,2.8,
California,8,California,R,Paul Cook,88579,118278,5776,41.66,55.63,2.72,
California,6,California,D,Doris O. Matsui,156141,63862,5828,69.14,28.28,2.58,
California,9,California,D,Jerry McNerney,127418,88403,4491,57.84,40.13,2.04,
California,12,California,D,Nancy Pelosi,269461,40003,10923,84.1,12.49,3.41,
California,14,California,D,Jackie Speier,200343,63589,5950,74.23,23.56,2.2,
California,18,California,D,Anna G. Eshoo,218082,92457,9076,68.23,28.93,2.84,
California,13,California,D,Barbara Lee,268093,27474,10747,87.52,8.97,3.51,
California,15,California,D,Eric Swalwell,177243,77748,5620,68.01,29.83,2.16,
California,17,California,D,Michael M. Honda,163862,58193,5751,71.93,25.54,2.52,
California,11,California,D,George Miller,203699,90226,7209,67.64,29.96,2.39,
California,10,California,R,Jeff Denham,108923,101160,5030,50.64,47.03,2.34,
California,16,California,D,Jim Costa,88973,59808,3172,58.55,39.36,2.09,
California,20,California,D,Sam Farr,168956,62427,6958,70.89,26.19,2.92,
California,19,California,D,Zoe Lofgren,165530,61643,5269,71.21,26.52,2.27,
California,24,California,D,Lois Capps,158119,126049,8238,54.08,43.11,2.82,
California,22,California,R,Devin Nunes,92005,125213,4060,41.58,56.59,1.83,
California,23,California,R,Kevin McCarthy,82119,139816,5362,36.13,61.51,2.36,
California,26,California,D,Julia Brownley,147753,119677,6217,53.99,43.73,2.27,
California,30,California,D,Brad Sherman,186301,91680,7245,65.32,32.14,2.54,
California,29,California,D,Tony C?rdenas,129323,34454,4112,77.03,20.52,2.45,
California,27,California,D,Judy Chu,161528,90278,6164,62.62,35,2.39,
California,31,California,R,Gary G. Miller,118043,83822,4377,57.24,40.64,2.12,
California,28,California,D,Adam B. Schiff,187441,70757,8430,70.3,26.54,3.16,
California,25,California,R,Howard P. ?Buck? McKeon,120701,125258,6290,47.85,49.66,2.49,
California,44,California,D,Janice Hahn,155459,24995,3132,84.68,13.61,1.71,
California,47,California,D,Alan S. Lowenthal,147456,92010,6158,60.03,37.46,2.51,
California,33,California,D,Henry A. Waxman,210010,127421,9073,60.61,36.77,2.62,
California,34,California,D,Xavier Becerra,127510,21739,4450,82.96,14.14,2.9,
California,37,California,D,Karen Bass,222329,33307,6222,84.9,12.72,2.38,
California,43,California,D,Maxine Waters,173342,44485,4392,78.01,20.02,1.98,
California,35,California,D,Gloria Negrete McLeod,108983,49433,3316,67.38,30.56,2.05,
California,39,California,R,Edward R. Royce,124108,133742,5680,47.09,50.75,2.16,
California,32,California,D,Grace F. Napolitano,133061,66269,4839,65.17,32.46,2.37,
California,38,California,D,Linda T. S?nchez,149141,75780,4954,64.88,32.97,2.16,
California,40,California,D,Lucille Roybal-Allard,115637,23446,2835,81.48,16.52,2,
California,36,California,D,Raul Ruiz,107914,101156,3869,50.68,47.5,1.82,
California,42,California,R,Ken Calvert,96212,131438,4870,41.38,56.53,2.09,
California,51,California,D,Juan Vargas,115610,48108,2966,69.36,28.86,1.78,
California,41,California,D,Mark Takano,114040,67314,4075,61.5,36.3,2.2,
California,50,California,R,Duncan Hunter,102649,165104,5536,37.56,60.41,2.03,
California,46,California,D,Loretta Sanchez,95479,56252,3762,61.4,36.18,2.42,
California,48,California,R,Dana Rohrabacher,133103,169249,7144,43.01,54.69,2.31,
California,49,California,R,Darrell E. Issa,134447,153856,6165,45.66,52.25,2.09,
California,52,California,D,Scott H. Peters,163911,143726,7111,52.08,45.66,2.26,
California,53,California,D,Susan A. Davis,174616,103513,6204,61.41,36.41,2.18,
California,45,California,R,John Campbell,133114,169489,6796,43.02,54.78,2.2,
California,21,California,R,David G. Valadao,65146,51917,2169,54.64,43.54,1.82,
California,4,California,R,Tom McClintock,133473,195388,8775,39.53,57.87,2.6,
California,3,California,D,John Garamendi,131237,104145,6305,54.3,43.09,2.61,
Colorado,3,Colorado,R,Scott R. Tipton,163885,185459,8699,45.77,51.8,2.43,
Colorado,4,Colorado,R,Cory Gardner,140735,209350,8134,39.29,58.44,2.27,
Colorado,5,Colorado,R,Doug Lamborn,129903,200491,8749,38.3,59.12,2.58,
Colorado,7,Colorado,D,Ed Perlmutter,195690,144919,9298,55.93,41.42,2.66,
Colorado,6,Colorado,R,Mike Coffman,183279,164595,6880,51.66,46.4,1.94,
Colorado,1,Colorado,D,Diana DeGette,254400,106334,8064,68.98,28.83,2.19,
Connecticut,1,Connecticut,D,John B. Larson,200910,112962,3564,63.29,35.59,1.12,
Connecticut,2,Connecticut,D,Joe Courtney,177522,135212,4908,55.89,42.57,1.55,
Connecticut,3,Connecticut,D,Rosa L. DeLauro,191189,110856,3385,62.6,36.3,1.11,
Connecticut,5,Connecticut,D,Elizabeth H. Esty,164627,139324,3584,53.53,45.3,1.17,
Delaware,(at Large),Delaware,D,John C. Carney Jr.,242547,165476,5821,58.6,40,1.4,
Idaho,1,Idaho,R,Ra?l R. Labrador,105645,213080,9533,32.18,64.91,2.9,
Idaho,2,Idaho,R,Michael K. Simpson,107142,207831,9043,33.07,64.14,2.79,
Illinois,12,Illinois,D,William L. Enyart,153718,149163,6603,49.67,48.2,2.13,
Illinois,15,Illinois,R,John Shimkus,105069,197295,6155,34.06,63.95,2,
Illinois,13,Illinois,R,Rodney Davis,146431,147359,7266,48.64,48.95,2.41,
Illinois,17,Illinois,D,Cheri Bustos,168918,119412,5222,57.54,40.68,1.78,
Illinois,16,Illinois,R,Adam Kinzinger,137881,160820,5927,45.26,52.79,1.95,
Illinois,18,Illinois,R,Aaron Schock,125331,202950,6494,37.44,60.62,1.94,
Illinois,14,Illinois,R,Randy Hultgren,141356,172895,5187,44.25,54.12,1.62,
Illinois,10,Illinois,D,Bradley S. Schneider,157398,112557,3664,57.52,41.14,1.34,
Illinois,8,Illinois,D,Tammy Duckworth,132727,94833,3866,57.35,40.98,1.67,
Illinois,6,Illinois,R,Peter J. Roskam,152460,179856,5414,45.14,53.25,1.6,
Illinois,5,Illinois,D,Mike Quigley,188320,90746,6172,66.02,31.81,2.16,
Illinois,4,Illinois,D,Luis V. Gutierrez,136822,28859,3459,80.89,17.06,2.05,
Illinois,7,Illinois,D,Danny K. Davis,264367,35748,2998,87.22,11.79,0.99,
Illinois,11,Illinois,D,Bill Foster,153198,107443,4070,57.87,40.59,1.54,
Illinois,3,Illinois,D,Daniel Lipinski,144020,109612,3831,55.94,42.57,1.49,
Illinois,1,Illinois,D,Bobby L. Rush,263184,67644,2702,78.91,20.28,0.81,
Illinois,2,Illinois,D,Robin L. Kelly,251318,57806,2357,80.68,18.56,0.76,
Illinois,9,Illinois,D,Janice D. Schakowsky,200645,102687,5146,65.04,33.29,1.67,
Maine,2,Maine,D,Michael H. Michaud,177283,148845,8967,52.91,44.42,2.68,
Kentucky,1,Kentucky,R,Ed Whitfield,95273,197073,4443,32.1,66.4,1.5,
Kentucky,6,Kentucky,R,Andy Barr,128513,170114,6246,42.15,55.8,2.05,
Kentucky,3,Kentucky,D,John A. Yarmuth,182843,140722,4830,55.68,42.85,1.47,
Kentucky,5,Kentucky,R,Harold Rogers,60798,196137,4529,23.25,75.01,1.73,
Kansas,1,Kansas,R,Tim Huelskamp,72582,184109,6027,27.63,70.08,2.29,
Kansas,4,Kansas,R,Mike Pompeo,96454,164558,6126,36.11,61.6,2.29,
Kansas,2,Kansas,R,Lynn Jenkins,124466,163256,7052,42.22,55.38,2.39,
Kansas,3,Kansas,R,Kevin Yoder,146406,177886,6194,44.3,53.83,1.87,
Iowa,1,Iowa,D,Bruce L. Braley,225585,170753,5163,56.19,42.53,1.29,
Iowa,2,Iowa,D,David Loebsack,219946,168534,5830,55.78,42.74,1.48,
Iowa,3,Iowa,R,Tom Latham,203622,186645,5531,51.45,47.16,1.4,
Iowa,4,Iowa,R,Steve King,173391,204685,5053,45.26,53.42,1.32,
Indiana,8,Indiana,R,Larry Bucshon,114907,169317,5861,39.61,58.37,2.02,
Indiana,4,Indiana,R,Todd Rokita,103103,170245,6314,36.87,60.88,2.26,
Indiana,1,Indiana,D,Peter J. Visclosky,182021,111217,4232,61.19,37.39,1.42,
Indiana,2,Indiana,R,Jackie Walorski,116320,154837,4847,42.14,56.1,1.76,
Indiana,3,Indiana,R,Marlin A. Stutzman,102535,179629,5069,35.7,62.54,1.76,
Indiana,5,Indiana,R,Susan W. Brooks,139300,196744,6121,40.71,57.5,1.79,
Indiana,6,Indiana,R,Luke Messer,106365,172452,6534,37.28,60.44,2.29,
Indiana,9,Indiana,R,Todd C. Young,123436,173433,6521,40.69,57.17,2.15,
Indiana,7,Indiana,D,Andr? Carson,164902,92674,4612,62.89,35.35,1.76,
Montana,(at Large),Montana,R,Steve Daines,200489,264973,13923,41.8,55.3,2.9,
Missouri,5,Missouri,D,Emanuel Cleaver,198324,133115,5833,58.8,39.47,1.73,
Missouri,4,Missouri,R,Vicky Hartzler,119956,201827,7715,36.41,61.25,2.34,
Missouri,3,Missouri,R,Blaine Luetkemeyer,127175,219011,6884,36.02,62.03,1.95,
Missouri,2,Missouri,R,Ann Wagner,170949,235508,5851,41.46,57.12,1.42,
Missouri,1,Missouri,D,Wm. Lacy Clay,280183,66277,4349,79.87,18.89,1.24,
Minnesota,1,Minnesota,D,Timothy J. Walz,170377,165720,7667,49.56,48.21,2.23,
Minnesota,2,Minnesota,R,John Kline,184802,184576,7208,49.07,49.01,1.91,
Minnesota,3,Minnesota,R,Erik Paulsen,199093,195802,6437,49.61,48.79,1.6,
Minnesota,4,Minnesota,D,Betty McCollum,231511,131521,7482,62.48,35.5,2.02,
Minnesota,6,Minnesota,R,Michele Bachmann,151238,205652,7182,41.54,56.49,1.97,
Minnesota,5,Minnesota,D,Keith Ellison,274635,89643,9360,73.5,23.99,2.51,
Minnesota,7,Minnesota,D,Collin C. Peterson,147750,180334,6693,44.13,53.87,2,
Minnesota,8,Minnesota,D,Richard M. Nolan,186761,166977,7499,51.7,46.22,2.08,
Michigan,1,Michigan,R,Dan Benishek,160199,189407,4089,45.29,53.55,1.16,
Michigan,2,Michigan,R,Bill Huizenga,142079,184753,3148,43.06,55.99,0.95,
Michigan,3,Michigan,R,Justin Amash,153066,177740,3627,45.77,53.15,1.08,
Michigan,4,Michigan,R,Dave Camp,146091,171867,3463,45.45,53.47,1.08,
Michigan,5,Michigan,D,Daniel T. Kildee,205800,129904,3263,60.71,38.32,0.96,
Michigan,10,Michigan,R,Candice S. Miller,148429,187652,3236,43.74,55.3,0.95,
Michigan,8,Michigan,R,Mike Rogers,172131,183512,3152,47.97,51.15,0.88,
Michigan,9,Michigan,D,Sander M. Levin,199625,146185,3211,57.2,41.88,0.92,
Michigan,6,Michigan,R,Fred Upton,158951,163310,3241,48.83,50.17,1,
Michigan,7,Michigan,R,Tim Walberg,159008,169266,3541,47.92,51.01,1.07,
Michigan,12,Michigan,D,John D. Dingell,217496,107677,3330,66.21,32.78,1.01,
Michigan,11,Michigan,R,Kerry L. Bentivolio,178768,199308,2808,46.94,52.33,0.74,
Michigan,14,Michigan,D,Gary C. Peters,273270,62794,1427,80.97,18.61,0.42,
Michigan,13,Michigan,D,John Conyers Jr.,249656,41881,1627,85.16,14.29,0.55,
Massachusetts,1,Massachusetts,D,Richard E. Neal,213423,114339,5916,63.96,34.27,1.77,
Massachusetts,2,Massachusetts,D,James P. McGovern,199549,133195,7177,58.7,39.18,2.11,
Massachusetts,3,Massachusetts,D,Niki Tsongas,189461,137869,5595,56.91,41.41,1.68,
Massachusetts,5,Massachusetts,D,Katherine M. Clark,235984,119934,6095,65.19,33.13,1.68,
Massachusetts,6,Massachusetts,D,John F. Tierney,212003,169966,5290,54.74,43.89,1.37,
Massachusetts,9,Massachusetts,D,William R. Keating,212701,165212,5076,55.54,43.14,1.33,
Massachusetts,7,Massachusetts,D,Michael E. Capuano,233382,44275,5374,82.46,15.64,1.9,
Massachusetts,8,Massachusetts,D,Stephen F. Lynch,213364,150825,5050,57.78,40.85,1.37,
Massachusetts,4,Massachusetts,D,Joseph P. Kennedy III,211423,152699,6038,57.12,41.25,1.63,
Maryland,6,Maryland,D,John K. Delaney,179446,137104,6376,55.57,42.46,1.97,
Maryland,8,Maryland,D,Chris Van Hollen,220442,129964,6920,61.69,36.37,1.94,
Maryland,1,Maryland,R,Andy Harris,136872,210634,6780,38.63,59.45,1.91,
Maryland,7,Maryland,D,Elijah E. Cummings,249100,76962,5223,75.19,23.23,1.58,
Maryland,3,Maryland,D,John P. Sarbanes,206975,123783,7189,61.24,36.63,2.13,
Maryland,4,Maryland,D,Donna F. Edwards,256321,67721,3442,78.27,20.68,1.05,
Maryland,5,Maryland,D,Steny H. Hoyer,236424,112828,5235,66.69,31.83,1.48,
North Carolina,5,North Carolina,R,Virginia Foxx,140635,208872,4128,39.77,59.06,1.17,
North Carolina,10,North Carolina,R,Patrick T. McHenry,139439,197768,3768,40.89,58,1.11,
North Carolina,11,North Carolina,R,Mark Meadows,127562,205552,4434,37.79,60.9,1.31,
North Carolina,2,North Carolina,R,Renee L. Ellmers,134004,183952,3304,41.71,57.26,1.03,
Wyoming,(at Large),Wyoming,R,Cynthia M. Lummis,68780,170265,6740,28,69.3,2.8,
West Virginia,1,West Virginia,R,David B. McKinley,81017,141736,5195,35.54,62.18,2.28,
West Virginia,2,West Virginia,R,Shelley Moore Capito,89079,140783,4734,37.97,60.01,2.02,
West Virginia,3,West Virginia,D,Nick J. Rahall II,68173,135136,4585,32.79,65,2.21,
Wisconsin,7,Wisconsin,R,Sean P. Duffy,178043,189332,4653,47.86,50.89,1.25,
Wisconsin,3,Wisconsin,D,Ron Kind,199986,160237,4960,54.76,43.88,1.36,
Wisconsin,2,Wisconsin,D,Mark Pocan,284084,126688,5170,68.3,30.46,1.24,
Wisconsin,1,Wisconsin,R,Paul Ryan,179872,195835,3477,47.44,51.65,0.92,
Wisconsin,8,Wisconsin,R,Reid J. Ribble,177346,191127,4413,47.56,51.26,1.18,
Wisconsin,6,Wisconsin,R,Thomas E. Petri,174988,202979,4328,45.77,53.09,1.13,
Wisconsin,5,Wisconsin,R,F. James Sensenbrenner Jr.,158226,257017,3948,37.75,61.31,0.94,
Wisconsin,4,Wisconsin,D,Gwen Moore,268440,84751,3164,75.33,23.78,0.89,
Washington,5,Washington,R,Cathy McMorris Rodgers,137771,168671,8983,43.68,53.47,2.85,
Washington,4,Washington,R,Doc Hastings,90612,142741,5587,37.92,59.74,2.34,
Washington,8,Washington,R,David G. Reichert,155982,151069,6916,49.68,48.12,2.2,
Washington,3,Washington,R,Jaime Herrera Beutler,145442,150409,7632,47.92,49.56,2.51,
Washington,6,Washington,D,Derek Kilmer,184820,135573,8797,56.14,41.18,2.67,
Washington,10,Washington,D,Denny Heck,164505,120066,7489,56.33,41.11,2.56,
Washington,9,Washington,D,Adam Smith,195851,84824,6184,68.27,29.57,2.16,
Washington,1,Washington,D,Suzan K. DelBene,183802,147074,8613,54.14,43.32,2.54,
Washington,2,Washington,D,Rick Larsen,185771,119266,8631,59.23,38.02,2.75,
Washington,7,Washington,D,Jim McDermott,310840,70977,10618,79.21,18.09,2.71,
Vermont,(at Large),Vermont,D,Peter Welch,199259,92700,5315,67,31.2,1.8,
Virginia,9,Virginia,R,H. Morgan Griffith,108641,196354,6296,34.9,63.08,2.02,
Virginia,5,Virginia,R,Robert Hurt,164555,188485,5649,45.88,52.55,1.57,
Virginia,6,Virginia,R,Bob Goodlatte,132153,197045,5666,39.46,58.84,1.69,
Virginia,1,Virginia,R,Robert J. Wittman,166510,193647,4883,45.61,53.05,1.34,
Virginia,7,Virginia,R,Eric Cantor,163331,222915,5236,41.72,56.94,1.34,
Virginia,3,Virginia,D,Robert C. ?Bobby? Scott,262265,66391,3510,78.96,19.99,1.06,
Virginia,10,Virginia,R,Frank R. Wolf,182432,186650,4831,48.79,49.92,1.29,
Virginia,11,Virginia,D,Gerald E. Connolly,212181,123317,4212,62.46,36.3,1.24,
Virginia,2,Virginia,R,E. Scott Rigell,159695,154935,4219,50.08,48.59,1.32,
Virginia,4,Virginia,R,J. Randy Forbes,176311,181265,3920,48.77,50.14,1.08,
Virginia,8,Virginia,D,James P. Moran,243746,111518,4479,67.76,31,1.25,
Nevada,4,Nevada,D,Steven A. Horsford,136125,109329,4646,54.43,43.71,1.86,
Utah,1,Utah,R,Rob Bishop,51098,193672,5508,20.42,77.38,2.2,
Utah,2,Utah,R,Chris Stewart,74556,173513,7132,29.21,67.99,2.79,
Utah,3,Utah,R,Jason Chaffetz,51791,208121,5944,19.48,78.28,2.24,
Utah,4,Utah,D,Jim Matheson,74368,165294,6404,30.22,67.17,2.6,
Texas,2,Texas,R,Ted Poe,88751,157094,3724,35.56,62.95,1.49,
Texas,13,Texas,R,Mac Thornberry,42521,184104,2920,18.52,80.2,1.27,
Texas,19,Texas,R,Randy Neugebauer,54447,160052,3021,25.03,73.58,1.39,
Texas,11,Texas,R,K. Michael Conaway,45083,182438,2902,19.57,79.18,1.26,
Texas,16,Texas,D,Beto O?Rourke,100993,54315,2106,64.16,34.5,1.34,
Texas,21,Texas,R,Lamar Smith,119220,188241,7130,37.9,59.84,2.27,
Texas,4,Texas,R,Ralph M. Hall,63559,189554,3010,24.82,74.01,1.18,
Texas,3,Texas,R,Sam Johnson,93290,175383,3991,34.21,64.32,1.46,
Texas,5,Texas,R,Jeb Hensarling,73085,137239,2345,34.37,64.53,1.1,
Texas,14,Texas,R,Randy K. Weber Sr.,97958,147213,2902,39.49,59.34,1.17,
Texas,22,Texas,R,Pete Olson,93582,158452,3009,36.69,62.13,1.18,
Texas,9,Texas,D,Al Green,145332,39392,1543,78.02,21.15,0.83,
Texas,27,Texas,R,Blake Farenthold,83157,131821,2793,38.19,60.53,1.28,
Texas,34,Texas,D,Filemon Vela,90885,57303,1323,60.79,38.33,0.88,
Texas,28,Texas,D,Henry Cuellar,101843,65372,1659,60.31,38.71,0.98,
Texas,25,Texas,R,Roger Williams,102433,162279,6095,37.83,59.92,2.25,
Texas,6,Texas,R,Joe Barton,103444,146985,3366,40.76,57.91,1.33,
Texas,31,Texas,R,John R. Carter,92842,144634,5238,38.25,59.59,2.16,
Texas,17,Texas,R,Bill Flores,84531,135309,4239,37.72,60.38,1.89,
Texas,8,Texas,R,Kevin Brady,55273,195742,3152,21.75,77.01,1.24,
Texas,12,Texas,R,Kay Granger,79147,166992,3687,31.68,66.84,1.48,
Texas,33,Texas,D,Marc A. Veasey,86686,32641,1153,71.95,27.09,0.96,
Texas,24,Texas,R,Kenny Marchant,94634,150547,3899,37.99,60.44,1.57,
Texas,32,Texas,R,Pete Sessions,106563,146420,3890,41.48,57,1.51,
Texas,30,Texas,D,Eddie Bernice Johnson,175637,43333,1595,79.63,19.65,0.72,
Texas,26,Texas,R,Michael C. Burgess,80828,177941,4427,30.71,67.61,1.68,
Texas,35,Texas,D,Lloyd Doggett,105545,57989,3933,63.02,34.63,2.35,
Texas,20,Texas,D,Joaquin Castro,110663,74540,2632,58.92,39.68,1.4,
Texas,36,Texas,R,Steve Stockman,61786,175883,2764,25.7,73.15,1.15,
Texas,7,Texas,R,John Abney Culberson,92499,143631,3637,38.58,59.9,1.52,
Texas,18,Texas,D,Sheila Jackson Lee,150129,44991,2086,76.13,22.81,1.06,
Texas,29,Texas,D,Gene Green,75720,37909,1272,65.9,32.99,1.11,
Texas,15,Texas,D,Rub?n Hinojosa,86941,62885,1525,57.44,41.55,1.01,
Texas,23,Texas,D,Pete P. Gallego,94419,99666,2324,48.07,50.74,1.18,
Texas,10,Texas,R,Michael T. McCaul,104839,159714,5583,38.81,59.12,2.07,
Texas,1,Texas,R,Louie Gohmert,69858,181835,2362,27.5,71.57,0.93,
Tennessee,8,Tennessee,R,Stephen Lee Fincher,100139,201570,3192,32.84,66.11,1.05,
Tennessee,9,Tennessee,D,Steve Cohen,200641,53618,1874,78.33,20.93,0.73,
Tennessee,7,Tennessee,R,Marsha Blackburn,92084,183789,3998,32.9,65.67,1.43,
Tennessee,6,Tennessee,R,Diane Black,82281,192611,3967,29.51,69.07,1.42,
Tennessee,5,Tennessee,D,Jim Cooper,152960,116289,4628,55.85,42.46,1.69,
Tennessee,4,Tennessee,R,Scott DesJarlais,86051,169809,4072,33.11,65.33,1.57,
Tennessee,3,Tennessee,R,Charles J. ?Chuck? Fleischmann,95261,171966,4501,35.06,63.29,1.66,
Tennessee,2,Tennessee,R,John J. Duncan Jr.,85520,186350,5058,30.88,67.29,1.83,
Tennessee,1,Tennessee,R,David P. Roe,65772,186328,4248,25.66,72.69,1.66,
South Dakota,(at Large),South Dakota,R,Kristi L. Noem,144988,210541,8166,39.9,57.9,2.3,
South Carolina,3,South Carolina,R,Jeff Duncan,89325,170151,3982,33.9,64.58,1.51,
South Carolina,5,South Carolina,R,Mick Mulvaney,126017,157105,3655,43.94,54.78,1.27,
South Carolina,4,South Carolina,R,Trey Gowdy,99340,170672,4476,36.19,62.18,1.63,
South Carolina,7,South Carolina,R,Tom Rice,124663,152518,2858,44.52,54.46,1.02,
South Carolina,2,South Carolina,R,Joe Wilson,112068,166006,4037,39.72,58.84,1.43,
South Carolina,1,South Carolina,R,Mark Sanford,123830,171543,4611,41.28,57.18,1.54,
South Carolina,6,South Carolina,D,James E. Clyburn,190698,83650,2913,68.78,30.17,1.05,
Rhode Island,2,Rhode Island,D,James R. Langevin,138382,88482,4344,59.85,38.27,1.88,
Rhode Island,1,Rhode Island,D,David N. Cicilline,141295,68722,3443,66.19,32.19,1.61,
Pennsylvania,9,Pennsylvania,R,Bill Shuster,100616,176206,3666,35.87,62.82,1.31,
Pennsylvania,5,Pennsylvania,R,Glenn Thompson,120135,165591,4932,41.33,56.97,1.7,
Pennsylvania,18,Pennsylvania,R,Tim Murphy,142039,200825,3690,40.99,57.95,1.06,
Pennsylvania,12,Pennsylvania,R,Keith J. Rothfus,142035,200537,4312,40.95,57.81,1.24,
Pennsylvania,14,Pennsylvania,D,Michael F. Doyle,230886,104133,4674,67.97,30.66,1.38,
Pennsylvania,10,Pennsylvania,R,Tom Marino,109518,170871,4085,38.5,60.07,1.44,
Pennsylvania,17,Pennsylvania,D,Matt Cartwright,156011,121865,3812,55.38,43.26,1.35,
Pennsylvania,11,Pennsylvania,R,Lou Barletta,129581,156540,4448,44.6,53.87,1.53,
Pennsylvania,4,Pennsylvania,R,Scott Perry,129588,178417,4441,41.48,57.1,1.42,
Pennsylvania,8,Pennsylvania,R,Michael G. Fitzpatrick,177940,178195,4454,49.35,49.42,1.24,
Pennsylvania,15,Pennsylvania,R,Charles W. Dent,147234,156165,4150,47.87,50.78,1.35,
Pennsylvania,7,Pennsylvania,R,Patrick Meehan,178265,180980,4004,49.08,49.82,1.1,
Pennsylvania,16,Pennsylvania,R,Joseph R. Pitts,141786,163897,4323,45.74,52.87,1.39,
Pennsylvania,6,Pennsylvania,R,Jim Gerlach,158899,166814,4293,48.15,50.55,1.3,
Pennsylvania,2,Pennsylvania,D,Chaka Fattah,338489,33530,2391,90.41,8.96,0.64,
Pennsylvania,13,Pennsylvania,D,Allyson Y. Schwartz,210621,104706,2940,66.18,32.9,0.92,
Pennsylvania,1,Pennsylvania,D,Robert A. Brady,244148,50043,2547,82.28,16.86,0.86,
Pennsylvania,3,Pennsylvania,R,Mike Kelly,132483,171119,4165,43.05,55.6,1.35,
Oregon,2,Oregon,R,Greg Walden,139940,196568,9375,40.46,56.83,2.71,
Oregon,4,Oregon,D,Peter A. DeFazio,188563,163931,11946,51.74,44.98,3.28,
Oregon,5,Oregon,D,Kurt Schrader,173000,161442,8226,50.49,47.11,2.4,
Oregon,1,Oregon,D,Suzanne Bonamici,201018,140406,9540,57.28,40.01,2.72,
Oregon,3,Oregon,D,Earl Blumenauer,267967,91828,12245,72.03,24.68,3.29,
Oklahoma,3,Oklahoma,R,Frank D. Lucas,70346,199390,0,26.08,73.92,0,
Oklahoma,4,Oklahoma,R,Tom Cole,86086,175684,0,32.89,67.11,0,
Oklahoma,1,Oklahoma,R,Jim Bridenstine,98321,188961,0,34.22,65.78,0,
Oklahoma,2,Oklahoma,R,Markwayne Mullin,81179,170983,0,32.19,67.81,0,
Oklahoma,5,Oklahoma,R,James Lankford,107615,156307,0,40.78,59.22,0,
Ohio,5,Ohio,R,Robert E. Latta,159592,195077,7384,44.08,53.88,2.04,
Ohio,4,Ohio,R,Jim Jordan,139225,185508,6651,42.01,55.98,2.01,
Ohio,8,Ohio,R,John A. Boehner,124479,211428,5629,36.45,61.91,1.65,
Ohio,10,Ohio,R,Michael R. Turner,172981,179896,5838,48.22,50.15,1.63,
Ohio,1,Ohio,R,Steve Chabot,168195,190504,4894,46.26,52.39,1.35,
Ohio,15,Ohio,R,Steve Stivers,161190,180360,6251,46.35,51.86,1.8,
Ohio,6,Ohio,R,Bill Johnson,136360,176408,6814,42.67,55.2,2.13,
Ohio,2,Ohio,R,Brad R. Wenstrup,155188,194594,5691,43.66,54.74,1.6,
Ohio,7,Ohio,R,Bob Gibbs,147643,179293,6897,44.23,53.71,2.07,
Ohio,12,Ohio,R,Patrick J. Tiberi,167444,207394,6633,43.89,54.37,1.74,
Ohio,14,Ohio,R,David P. Joyce,179746,192247,5793,47.58,50.89,1.53,
Ohio,16,Ohio,R,James B. Renacci,169128,199669,5451,45.19,53.35,1.46,
Ohio,9,Ohio,D,Marcy Kaptur,217146,99223,5085,67.55,30.87,1.58,
Ohio,11,Ohio,D,Marcia L. Fudge,298498,59616,2576,82.76,16.53,0.71,
Ohio,13,Ohio,D,Tim Ryan,212922,119781,5542,62.95,35.41,1.64,
Ohio,3,Ohio,D,Joyce Beatty,217969,90434,4535,69.65,28.9,1.45,
New York,23,New York,R,Tom Reed,133952,137317,5630,48.38,49.59,2.03,
New York,27,New York,R,Chris Collins,140173,180698,5949,42.89,55.29,1.82,
New York,24,New York,D,Daniel B. Maffei,171502,123534,5585,57.05,41.09,1.86,
New York,22,New York,R,Richard L. Hanna,135172,136500,5545,48.76,49.24,2,
New York,21,New York,D,William L. Owens,138889,122471,4490,52.24,46.07,1.69,
New York,19,New York,R,Christopher P. Gibson,157966,138981,6164,52.11,45.85,2.03,
New York,20,New York,D,Paul Tonko,186460,122230,6342,59.19,38.8,2.01,
New York,18,New York,D,Sean Patrick Maloney,149610,137144,4140,51.43,47.15,1.42,
New York,26,New York,D,Brian Higgins,193362,103743,5283,63.94,34.31,1.75,
New York,25,New York,D,Louise McIntosh Slaughter,187753,125897,5804,58.77,39.41,1.82,
New York,17,New York,D,Nita M. Lowey,167884,123125,3189,57.06,41.85,1.08,
New York,16,New York,D,Eliot L. Engel,197365,68373,2076,73.69,25.53,0.78,
New York,14,New York,D,Joseph Crowley,136783,30978,1791,80.67,18.27,1.06,
New York,11,New York,R,Michael G. Grimm,110092,100812,2315,51.63,47.28,1.09,
New York,10,New York,D,Jerrold Nadler,173647,58992,3179,73.64,25.02,1.35,
New York,13,New York,D,Charles B. Rangel,219354,10558,1868,94.64,4.56,0.81,
New York,15,New York,D,Jos? E. Serrano,171366,5315,448,96.75,3,0.25,
New York,12,New York,D,Carolyn B. Maloney,205891,57564,4197,76.92,21.51,1.57,
New York,9,New York,D,Yvette D. Clarke,202366,33045,2096,85.2,13.91,0.88,
New York,8,New York,D,Hakeem S. Jeffries,209426,23861,1407,89.23,10.17,0.6,
New York,7,New York,D,Nydia M. Vel?zquez,156877,18378,2314,88.35,10.35,1.3,
New York,6,New York,D,Grace Meng,125496,57455,2107,67.81,31.05,1.14,
New York,3,New York,D,Steve Israel,155451,147617,3153,50.76,48.21,1.03,
New York,5,New York,D,Gregory W. Meeks,200006,22026,744,89.78,9.89,0.33,
New York,4,New York,D,Carolyn McCarthy,165876,129049,2765,55.72,43.35,0.93,
New York,2,New York,R,Peter T. King,140817,128791,3055,51.65,47.23,1.12,
New York,1,New York,D,Timothy H. Bishop,146708,145115,3850,49.62,49.08,1.3,
Nevada,2,Nevada,R,Mark E. Amodei,131542,155187,6747,44.82,52.88,2.3,
Nevada,3,Nevada,R,Joseph J. Heck,140503,138234,4916,49.53,48.73,1.73,
Nevada,1,Nevada,D,Dina Titus,123203,60817,3669,65.64,32.4,1.95,
New Mexico,1,New Mexico,D,Michelle Lujan Grisham,155915,111749,14532,55.25,39.6,5.15,
New Mexico,2,New Mexico,R,Stevan Pearce,103438,119168,7785,44.9,51.72,3.38,
New Jersey,2,New Jersey,R,Frank A. LoBiondo,166943,141436,3394,53.55,45.37,1.09,
New Jersey,1,New Jersey,,Office of the First of New Jersey,212199,110420,3519,65.06,33.86,1.08,
New Jersey,4,New Jersey,R,Christopher H. Smith,148827,179886,3600,44.79,54.13,1.08,
New Jersey,12,New Jersey,D,Rush Holt,197814,96734,3228,66.43,32.49,1.08,
New Jersey,11,New Jersey,R,Rodney P. Frelinghuysen,165223,181741,3640,47.13,51.84,1.04,
New Jersey,5,New Jersey,R,Scott Garrett,165243,173298,3800,48.27,50.62,1.11,
New Jersey,9,New Jersey,D,Bill Pascrell Jr.,170152,77135,2175,68.21,30.92,0.87,
New Jersey,8,New Jersey,D,Albio Sires,162553,41237,1953,79.01,20.04,0.95,
New Jersey,10,New Jersey,D,Donald M. Payne Jr.,236041,35627,1641,86.36,13.04,0.6,
New Jersey,7,New Jersey,R,Leonard Lance,158181,177438,4003,46.58,52.25,1.18,
New Jersey,6,New Jersey,D,Frank Pallone Jr.,162898,99415,3087,61.38,37.46,1.16,
New Hampshire,1,New Hampshire,D,Carol Shea-Porter,179148,173419,4245,50.21,48.6,1.19,
New Hampshire,2,New Hampshire,D,Ann M. Kuster,190413,156499,4675,54.16,44.51,1.33,
Nebraska,3,Nebraska,R,Adrian Smith,72110,182067,5046,27.82,70.24,1.95,
Nebraska,1,Nebraska,R,Jeff Fortenberry,108082,152021,4609,40.83,57.43,1.74,
Nebraska,2,Nebraska,R,Lee Terry,121889,140976,3862,45.7,52.85,1.45,
North Dakota,(at Large),North Dakota,R,Kevin Cramer,124490,187586,7749,38.9,58.7,2.4,
District of Columbia,,,,,0,0,0,0,0,0,
Missouri,8,Missouri,R,Jason T. Smith,97786,201315,6523,32,65.87,2.13,
Missouri,6,Missouri,R,Sam Graves,130554,205273,7086,38.07,59.86,2.07,
Missouri,7,Missouri,R,Billy Long,98869,220114,6846,30.34,67.56,2.1,
Kentucky,2,Kentucky,R,Brett Guthrie,103459,186181,4641,35.16,63.27,1.58,
Maine,1,Maine,D,Chellie Pingree,224023,143431,8504,59.59,38.15,2.26,
Connecticut,4,Connecticut,D,James A. Himes,170827,136527,2735,55.09,44.03,0.88,
Kentucky,4,Kentucky,R,Thomas Massie,108484,196963,5583,34.88,63.33,1.8,
Hawaii,1,Hawaii,D,Colleen W. Hanabusa,151023,62875,2773,69.7,29.02,1.28,
North Carolina,9,North Carolina,R,Robert Pittenger,164095,215688,3830,42.78,56.23,1,
North Carolina,13,North Carolina,R,George Holding,172226,217021,3995,43.8,55.19,1.02,
North Carolina,7,North Carolina,D,Mike McIntyre,136092,202259,3094,39.86,59.24,0.91,
North Carolina,1,North Carolina,D,G. K. Butterfield,245465,96066,1793,71.5,27.98,0.52,
North Carolina,3,North Carolina,R,Walter B. Jones,130060,183910,3179,41.01,57.99,1,
Florida,27,Florida,R,Ileana Ros-Lehtinen,129172,113165,1224,53.03,46.46,0.5,
New Jersey,3,New Jersey,R,Jon Runyan,179027,163202,3583,51.77,47.19,1.04,
Maryland,2,Maryland,D,C. A. Dutch Ruppersberger,192264,112873,6140,61.77,36.26,1.97,
North Carolina,6,North Carolina,R,Howard Coble,154046,214788,3768,41.34,57.65,1.01,
North Carolina,12,North Carolina,,Office of the Twelfth of North Carolina,250353,66682,2136,78.44,20.89,0.67,
North Carolina,4,North Carolina,D,David E. Price,258212,99063,4212,71.43,27.4,1.17,
North Carolina,8,North Carolina,R,Richard Hudson,126202,178774,2874,40.99,58.07,0.93,
New Mexico,3,New Mexico,D,Ben Ray Luj?n,155982,104871,10318,57.52,38.67,3.8,
Colorado,2,Colorado,D,Jared Polis,255209,174095,11348,57.92,39.51,2.58,
California,7,California,D,Ami Bera,145147,133888,6962,50.75,46.81,2.43,
Hawaii,2,Hawaii,D,Tulsi Gabbard,155635,58140,4251,71.38,26.67,1.95,
Hawaii,2,Hawaii,D,Tulsi Gabbard,155635,58140,4251,71.38,26.67,1.95,
Hawaii,2,Hawaii,D,Tulsi Gabbard,155635,58140,4251,71.38,26.67,1.95,
Hawaii,2,Hawaii,D,Tulsi Gabbard,155635,58140,4251,71.38,26.67,1.95,
Hawaii,2,Hawaii,D,Tulsi Gabbard,155635,58140,4251,71.38,26.67,1.95,
Hawaii,2,Hawaii,D,Tulsi Gabbard,155635,58140,4251,71.38,26.67,1.95,
Hawaii,2,Hawaii,D,Tulsi Gabbard,155635,58140,4251,71.38,26.67,1.95,
Hawaii,2,Hawaii,D,Tulsi Gabbard,155635,58140,4251,71.38,26.67,1.95,
Hawaii,2,Hawaii,D,Tulsi Gabbard,155635,58140,4251,71.38,26.67,1.95,
Hawaii,2,Hawaii,D,Tulsi Gabbard,155635,58140,4251,71.38,26.67,1.95,
